測定局コード,日付,時,SO2(ppm),NO(ppm),NO2(ppm),NOx(ppm),CO(ppm),Ox(ppm),NMHC(ppmC),CH4(ppmC),THC(ppmC),SPM(mg/m3),PM2.5(ug/m3),SP(mg/m3),WD(16Dir),WS(m/s),TEMP(℃),HUM(％)
34202050,2017/01/01,01,0.001,0.001,0.014,0.015,,,,,,0.020,,,CALM,0.2,,
34202050,2017/01/01,02,0.002,0.001,0.016,0.017,,,,,,0.012,,,NE,0.6,,
34202050,2017/01/01,03,0.001,0.001,0.009,0.010,,,,,,0.020,,,CALM,0.3,,
34202050,2017/01/01,04,0.001,0.001,0.009,0.010,,,,,,0.021,,,NNW,0.5,,
34202050,2017/01/01,05,0.003,0.001,0.018,0.019,,,,,,0.012,,,N,0.5,,
34202050,2017/01/01,06,0.006,0.001,0.021,0.022,,,,,,0.032,,,NNE,0.4,,
34202050,2017/01/01,07,0.003,0.001,0.011,0.012,,,,,,0.032,,,CALM,0.3,,
34202050,2017/01/01,08,0.004,0.001,0.011,0.012,,,,,,0.033,,,CALM,0.2,,
34202050,2017/01/01,09,0.004,0.003,0.013,0.016,,,,,,0.032,,,NNE,0.7,,
34202050,2017/01/01,10,0.005,0.008,0.014,0.022,,,,,,0.033,,,SE,1.9,,
34202050,2017/01/01,11,0.004,0.009,0.016,0.025,,,,,,0.020,,,SE,1.1,,
34202050,2017/01/01,12,0.003,0.006,0.014,0.020,,,,,,0.017,,,SE,2.3,,
34202050,2017/01/01,13,0.002,0.002,0.006,0.008,,,,,,0.015,,,SSE,2.6,,
34202050,2017/01/01,14,0.001,0.001,0.003,0.004,,,,,,0.012,,,S,2.3,,
34202050,2017/01/01,15,0.001,0.001,0.002,0.003,,,,,,0.012,,,S,2.5,,
34202050,2017/01/01,16,0.001,0.001,0.003,0.004,,,,,,0.005,,,SSE,1.8,,
34202050,2017/01/01,17,0.001,0.001,0.005,0.006,,,,,,0.012,,,SE,1.5,,
34202050,2017/01/01,18,0.001,0.001,0.006,0.007,,,,,,0.020,,,SE,1.9,,
34202050,2017/01/01,19,0.001,0.001,0.007,0.008,,,,,,0.027,,,SSE,1.2,,
34202050,2017/01/01,20,0.001,0.001,0.008,0.009,,,,,,0.018,,,CALM,0.2,,
34202050,2017/01/01,21,0.002,0.001,0.011,0.012,,,,,,0.027,,,S,1.0,,
34202050,2017/01/01,22,0.002,0.001,0.013,0.014,,,,,,0.017,,,CALM,0,,
34202050,2017/01/01,23,,,,,,,,,,,,,,,,
34202050,2017/01/01,24,0.002,0.001,0.015,0.016,,,,,,0.027,,,CALM,0.3,,
34202050,2017/01/02,01,0.002,0.001,0.015,0.016,,,,,,0.037,,,N,0.4,,
34202050,2017/01/02,02,,,,,,,,,,0.035,,,NNW,0.4,,
34202050,2017/01/02,03,0.002,0.013,0.029,0.042,,,,,,0.019,,,CALM,0.2,,
34202050,2017/01/02,04,0.002,0.005,0.025,0.030,,,,,,0.008,,,S,0.9,,
34202050,2017/01/02,05,0.006,0.004,0.027,0.031,,,,,,0.029,,,NNE,0.6,,
34202050,2017/01/02,06,0.006,0.006,0.025,0.031,,,,,,0.035,,,SSE,0.6,,
34202050,2017/01/02,07,0.004,0.005,0.022,0.027,,,,,,0.046,,,SSE,0.9,,
34202050,2017/01/02,08,0.007,0.010,0.021,0.031,,,,,,0.038,,,SE,1.1,,
34202050,2017/01/02,09,0.010,0.011,0.020,0.031,,,,,,0.027,,,SSE,1.5,,
34202050,2017/01/02,10,0.006,0.017,0.021,0.038,,,,,,0.060,,,S,1.2,,
34202050,2017/01/02,11,0.005,0.021,0.022,0.043,,,,,,0.046,,,NNE,0.5,,
34202050,2017/01/02,12,0.004,0.006,0.011,0.017,,,,,,0.017,,,S,1.5,,
34202050,2017/01/02,13,0.003,0.002,0.007,0.009,,,,,,0.018,,,S,2.2,,
34202050,2017/01/02,14,0.002,0.001,0.008,0.009,,,,,,0.024,,,S,2.1,,
34202050,2017/01/02,15,0.002,0.001,0.007,0.008,,,,,,0.023,,,SSE,2.1,,
34202050,2017/01/02,16,0.002,0.001,0.007,0.008,,,,,,0.006,,,S,2.9,,
34202050,2017/01/02,17,0.001,0.001,0.008,0.009,,,,,,0.009,,,SSE,1.9,,
34202050,2017/01/02,18,0.001,0.001,0.010,0.011,,,,,,0.024,,,S,1.6,,
34202050,2017/01/02,19,0.001,0.001,0.011,0.012,,,,,,0.022,,,SSE,1.5,,
34202050,2017/01/02,20,0.002,0.001,0.010,0.011,,,,,,0.024,,,S,1.4,,
34202050,2017/01/02,21,0.001,0.001,0.008,0.009,,,,,,0.015,,,ESE,0.4,,
34202050,2017/01/02,22,0.001,0.001,0.007,0.008,,,,,,0.020,,,SSE,0.7,,
34202050,2017/01/02,23,0.001,0.001,0.006,0.007,,,,,,0.018,,,ENE,0.6,,
34202050,2017/01/02,24,0.003,0.001,0.012,0.013,,,,,,0.030,,,SSE,0.4,,
34202050,2017/01/03,01,0.002,0.001,0.010,0.011,,,,,,0.023,,,S,1.0,,
34202050,2017/01/03,02,0.001,0.001,0.005,0.006,,,,,,0.029,,,SSE,1.2,,
34202050,2017/01/03,03,0.001,0.001,0.010,0.011,,,,,,0.018,,,SSE,1.2,,
34202050,2017/01/03,04,0.001,0.001,0.010,0.011,,,,,,0.022,,,SSE,1.2,,
34202050,2017/01/03,05,0.001,0.001,0.012,0.013,,,,,,0.031,,,NNE,0.4,,
34202050,2017/01/03,06,0.002,0.001,0.014,0.015,,,,,,0.029,,,NE,0.8,,
34202050,2017/01/03,07,0.003,0.001,0.015,0.016,,,,,,0.027,,,CALM,0.3,,
34202050,2017/01/03,08,0.002,0.002,0.016,0.018,,,,,,0.028,,,CALM,0.3,,
34202050,2017/01/03,09,0.003,0.004,0.014,0.018,,,,,,0.036,,,ENE,0.7,,
34202050,2017/01/03,10,0.006,0.012,0.018,0.030,,,,,,0.026,,,SE,1.3,,
34202050,2017/01/03,11,0.004,0.017,0.020,0.037,,,,,,0.015,,,SE,1.6,,
34202050,2017/01/03,12,0.003,0.003,0.010,0.013,,,,,,0.010,,,NNW,0.7,,
34202050,2017/01/03,13,0.002,0.001,0.006,0.007,,,,,,0.004,,,S,0.7,,
34202050,2017/01/03,14,0.002,0.001,0.005,0.006,,,,,,0.009,,,NNW,1.1,,
34202050,2017/01/03,15,0.002,0.001,0.005,0.006,,,,,,0.015,,,ESE,0.4,,
34202050,2017/01/03,16,0.002,0.001,0.005,0.006,,,,,,0.009,,,NNE,0.5,,
34202050,2017/01/03,17,0.001,0.001,0.007,0.008,,,,,,0.016,,,SSE,1.8,,
34202050,2017/01/03,18,0.001,0.001,0.006,0.007,,,,,,0.017,,,SSE,1.8,,
34202050,2017/01/03,19,0.001,0.003,0.009,0.012,,,,,,0.039,,,SSE,1.9,,
34202050,2017/01/03,20,0.001,0.001,0.006,0.007,,,,,,0.037,,,SSE,1.5,,
34202050,2017/01/03,21,0.001,0.001,0.015,0.016,,,,,,0.018,,,ENE,0.6,,
34202050,2017/01/03,22,0.002,0.002,0.021,0.023,,,,,,0.022,,,E,0.4,,
34202050,2017/01/03,23,0.001,0.001,0.023,0.024,,,,,,0.022,,,NNE,0.4,,
34202050,2017/01/03,24,0.002,0.003,0.028,0.031,,,,,,0.029,,,N,0.5,,
34202050,2017/01/04,01,0.002,0.003,0.031,0.034,,,,,,0.026,,,N,0.6,,
34202050,2017/01/04,02,0.002,0.005,0.033,0.038,,,,,,0.020,,,NNE,0.5,,
34202050,2017/01/04,03,0.003,0.001,0.025,0.026,,,,,,0.042,,,NE,0.4,,
34202050,2017/01/04,04,0.003,0.001,0.020,0.021,,,,,,0.050,,,N,0.4,,
34202050,2017/01/04,05,0.004,0.001,0.022,0.023,,,,,,0.030,,,S,0.4,,
34202050,2017/01/04,06,0.004,0.002,0.025,0.027,,,,,,0.049,,,CALM,0.3,,
34202050,2017/01/04,07,0.005,0.012,0.032,0.044,,,,,,0.036,,,CALM,0.2,,
34202050,2017/01/04,08,0.007,0.011,0.034,0.045,,,,,,0.036,,,N,0.4,,
34202050,2017/01/04,09,0.006,0.011,0.027,0.038,,,,,,0.042,,,NNW,0.4,,
34202050,2017/01/04,10,0.005,0.031,0.032,0.063,,,,,,0.038,,,SSE,1.0,,
34202050,2017/01/04,11,0.009,0.038,0.036,0.074,,,,,,0.039,,,N,0.7,,
34202050,2017/01/04,12,0.011,0.033,0.037,0.070,,,,,,0.052,,,S,1.2,,
34202050,2017/01/04,13,0.003,0.004,0.013,0.017,,,,,,0.036,,,SSE,2.1,,
34202050,2017/01/04,14,0.003,0.004,0.014,0.018,,,,,,0.029,,,SE,2.0,,
34202050,2017/01/04,15,0.003,0.001,0.008,0.009,,,,,,0.017,,,N,0.8,,
34202050,2017/01/04,16,0.004,0.001,0.012,0.013,,,,,,0.026,,,NNW,0.8,,
34202050,2017/01/04,17,0.003,0.001,0.009,0.010,,,,,,0.010,,,NNW,1.3,,
34202050,2017/01/04,18,0.003,0.002,0.027,0.029,,,,,,0.034,,,N,1.1,,
34202050,2017/01/04,19,0.003,0.001,0.011,0.012,,,,,,0.030,,,N,0.9,,
34202050,2017/01/04,20,0.003,0.001,0.019,0.020,,,,,,0.022,,,N,1.3,,
34202050,2017/01/04,21,0.003,0.001,0.014,0.015,,,,,,0.036,,,N,1.3,,
34202050,2017/01/04,22,0.002,0.001,0.015,0.016,,,,,,0.031,,,NNE,1.1,,
34202050,2017/01/04,23,0.002,0,0.011,0.011,,,,,,0.024,,,NNW,1.3,,
34202050,2017/01/04,24,0.001,0.001,0.005,0.006,,,,,,0.011,,,N,1.2,,
34202050,2017/01/05,01,0.001,0,0.005,0.005,,,,,,0.011,,,CALM,0.3,,
34202050,2017/01/05,02,0.001,0.001,0.002,0.003,,,,,,0.008,,,N,0.4,,
34202050,2017/01/05,03,0.001,0,0.002,0.002,,,,,,0.012,,,NNE,1.3,,
34202050,2017/01/05,04,0.001,0.001,0.008,0.009,,,,,,0.019,,,N,0.7,,
34202050,2017/01/05,05,0.001,0.001,0.009,0.010,,,,,,0.008,,,NNW,1.1,,
34202050,2017/01/05,06,0.001,0,0.006,0.006,,,,,,0.011,,,N,0.7,,
34202050,2017/01/05,07,0.001,0.001,0.008,0.009,,,,,,0.022,,,NNW,1.2,,
34202050,2017/01/05,08,0.001,0.001,0.004,0.005,,,,,,0.015,,,N,1.4,,
34202050,2017/01/05,09,0.001,0.001,0.003,0.004,,,,,,0.019,,,N,1.4,,
34202050,2017/01/05,10,0.001,0.001,0.006,0.007,,,,,,0.008,,,NNE,2.0,,
34202050,2017/01/05,11,0.001,0.002,0.005,0.007,,,,,,0.004,,,NNW,2.0,,
34202050,2017/01/05,12,0.001,0.001,0.004,0.005,,,,,,0.004,,,N,2.7,,
34202050,2017/01/05,13,0.001,0.002,0.007,0.009,,,,,,0.004,,,NNW,2.6,,
34202050,2017/01/05,14,0,0.001,0.005,0.006,,,,,,0.007,,,NNE,2.3,,
34202050,2017/01/05,15,0,0.001,0.005,0.006,,,,,,0.011,,,N,2.5,,
34202050,2017/01/05,16,0.001,0.002,0.009,0.011,,,,,,0.013,,,N,2.2,,
34202050,2017/01/05,17,0,0.001,0.006,0.007,,,,,,0.014,,,N,2.4,,
34202050,2017/01/05,18,0,0.001,0.006,0.007,,,,,,0.007,,,NNE,2.1,,
34202050,2017/01/05,19,0,0.001,0.003,0.004,,,,,,0.001,,,NNE,2.1,,
34202050,2017/01/05,20,0,0.001,0.002,0.003,,,,,,0.005,,,NNE,2.1,,
34202050,2017/01/05,21,0,0,0.001,0.001,,,,,,0.004,,,N,2.0,,
34202050,2017/01/05,22,0,0,0.002,0.002,,,,,,0.004,,,N,1.4,,
34202050,2017/01/05,23,0,0.001,0.005,0.006,,,,,,0.010,,,N,1.4,,
34202050,2017/01/05,24,0,0.001,0.007,0.008,,,,,,0.018,,,NNW,1.2,,
34202050,2017/01/06,01,0,0,0.005,0.005,,,,,,0.009,,,N,1.4,,
34202050,2017/01/06,02,0,0,0.002,0.002,,,,,,0.012,,,N,1.5,,
34202050,2017/01/06,03,0,0.001,0.003,0.004,,,,,,0.030,,,NNE,1.3,,
34202050,2017/01/06,04,0,0.001,0.005,0.006,,,,,,0.014,,,N,1.8,,
34202050,2017/01/06,05,0,0.001,0.004,0.005,,,,,,0.003,,,N,1.0,,
34202050,2017/01/06,06,0,0.001,0.011,0.012,,,,,,0.004,,,NNE,1.3,,
34202050,2017/01/06,07,0,0.001,0.007,0.008,,,,,,0.006,,,N,1.0,,
34202050,2017/01/06,08,0.001,0.001,0.013,0.014,,,,,,0.007,,,N,1.6,,
34202050,2017/01/06,09,0,0.001,0.008,0.009,,,,,,0.012,,,N,1.4,,
34202050,2017/01/06,10,0,0.002,0.007,0.009,,,,,,0.009,,,N,1.9,,
34202050,2017/01/06,11,0.001,0.001,0.005,0.006,,,,,,0.011,,,NNW,0.9,,
34202050,2017/01/06,12,0,0.001,0.005,0.006,,,,,,0.002,,,N,1.4,,
34202050,2017/01/06,13,0.001,0.001,0.004,0.005,,,,,,0.013,,,NE,0.8,,
34202050,2017/01/06,14,0.001,0.001,0.005,0.006,,,,,,0.017,,,ESE,2.3,,
34202050,2017/01/06,15,0.001,0.001,0.005,0.006,,,,,,0,,,SE,3.8,,
34202050,2017/01/06,16,0.001,0.001,0.004,0.005,,,,,,,,,ESE,2.9,,
34202050,2017/01/06,17,0.001,0.001,0.006,0.007,,,,,,,,,ESE,2.2,,
34202050,2017/01/06,18,0.002,0.001,0.006,0.007,,,,,,0.003,,,ESE,2.6,,
34202050,2017/01/06,19,0.001,0.001,0.006,0.007,,,,,,0.010,,,E,1.1,,
34202050,2017/01/06,20,0.001,0.001,0.014,0.015,,,,,,0.007,,,NW,0.5,,
34202050,2017/01/06,21,0.002,0.002,0.024,0.026,,,,,,0.008,,,NW,0.5,,
34202050,2017/01/06,22,0.002,0.001,0.016,0.017,,,,,,0.006,,,NNE,1.0,,
34202050,2017/01/06,23,0.001,0.001,0.007,0.008,,,,,,0.007,,,N,0.4,,
34202050,2017/01/06,24,0.001,0,0.006,0.006,,,,,,0.003,,,NE,0.7,,
34202050,2017/01/07,01,0.001,0,0.005,0.005,,,,,,0,,,NNE,0.9,,
34202050,2017/01/07,02,0.001,0,0.006,0.006,,,,,,0.005,,,NE,1.3,,
34202050,2017/01/07,03,0.001,0,0.006,0.006,,,,,,0.003,,,NNE,1.2,,
34202050,2017/01/07,04,0.002,0.001,0.007,0.008,,,,,,0.006,,,NNE,1.5,,
34202050,2017/01/07,05,0.002,0.001,0.008,0.009,,,,,,0.008,,,NNE,0.7,,
34202050,2017/01/07,06,0.002,0.001,0.008,0.009,,,,,,0.015,,,NNE,1.5,,
34202050,2017/01/07,07,0.002,0.001,0.008,0.009,,,,,,0.005,,,NNE,0.8,,
34202050,2017/01/07,08,0.001,0.001,0.008,0.009,,,,,,0.009,,,NNE,1.1,,
34202050,2017/01/07,09,0.002,0.002,0.010,0.012,,,,,,0.010,,,ESE,0.4,,
34202050,2017/01/07,10,0.004,0.009,0.020,0.029,,,,,,0.014,,,N,0.5,,
34202050,2017/01/07,11,0.003,0.010,0.020,0.030,,,,,,0.025,,,NNW,0.7,,
34202050,2017/01/07,12,0.003,0.012,0.024,0.036,,,,,,0.012,,,SSE,1.0,,
34202050,2017/01/07,13,0.005,0.009,0.019,0.028,,,,,,0.026,,,SSW,1.2,,
34202050,2017/01/07,14,0.006,0.010,0.023,0.033,,,,,,0.024,,,SSE,1.0,,
34202050,2017/01/07,15,0.006,0.015,0.030,0.045,,,,,,0.021,,,CALM,0.2,,
34202050,2017/01/07,16,0.006,0.019,0.036,0.055,,,,,,0.021,,,N,0.5,,
34202050,2017/01/07,17,0.004,0.011,0.027,0.038,,,,,,0.020,,,ENE,1.4,,
34202050,2017/01/07,18,0.003,0.001,0.020,0.021,,,,,,0.009,,,CALM,0.3,,
34202050,2017/01/07,19,0.002,0.003,0.023,0.026,,,,,,0.023,,,CALM,0.2,,
34202050,2017/01/07,20,0.002,0.002,0.023,0.025,,,,,,0.025,,,SE,0.7,,
34202050,2017/01/07,21,0.003,0.002,0.017,0.019,,,,,,0.037,,,N,0.7,,
34202050,2017/01/07,22,0.003,0.001,0.017,0.018,,,,,,0.029,,,NE,1.4,,
34202050,2017/01/07,23,0.003,0.001,0.012,0.013,,,,,,0.004,,,NE,0.7,,
34202050,2017/01/07,24,0.004,0.001,0.013,0.014,,,,,,0.011,,,ENE,0.6,,
34202050,2017/01/08,01,0.003,0.002,0.016,0.018,,,,,,0.012,,,SSE,1.3,,
34202050,2017/01/08,02,0.002,0.001,0.015,0.016,,,,,,0.011,,,SSE,1.0,,
34202050,2017/01/08,03,0.002,0.001,0.016,0.017,,,,,,0.023,,,CALM,0.2,,
34202050,2017/01/08,04,0.001,0.001,0.015,0.016,,,,,,0.021,,,SSE,1.0,,
34202050,2017/01/08,05,0.001,0.001,0.013,0.014,,,,,,0.028,,,CALM,0.3,,
34202050,2017/01/08,06,0.001,0.001,0.015,0.016,,,,,,0.017,,,SSE,1.8,,
34202050,2017/01/08,07,0.001,0.001,0.012,0.013,,,,,,0.005,,,NE,0.9,,
34202050,2017/01/08,08,0.001,0.001,0.014,0.015,,,,,,0.013,,,CALM,0.3,,
34202050,2017/01/08,09,0.001,0.004,0.018,0.022,,,,,,0.022,,,S,1.3,,
34202050,2017/01/08,10,0.001,0.012,0.024,0.036,,,,,,0.016,,,SE,0.9,,
34202050,2017/01/08,11,0.002,0.011,0.024,0.035,,,,,,0.011,,,CALM,0.3,,
34202050,2017/01/08,12,0.001,0.004,0.018,0.022,,,,,,0.017,,,S,0.5,,
34202050,2017/01/08,13,0.001,0.005,0.020,0.025,,,,,,0.021,,,SSE,1.7,,
34202050,2017/01/08,14,0.001,0.002,0.011,0.013,,,,,,0.025,,,SSE,1.9,,
34202050,2017/01/08,15,0.001,0.002,0.009,0.011,,,,,,0.010,,,S,2.0,,
34202050,2017/01/08,16,0.001,0.002,0.011,0.013,,,,,,0.013,,,SE,1.5,,
34202050,2017/01/08,17,0.002,0.001,0.011,0.012,,,,,,0.010,,,N,0.5,,
34202050,2017/01/08,18,0.001,0.001,0.007,0.008,,,,,,0.006,,,CALM,0.3,,
34202050,2017/01/08,19,0.001,0.002,0.019,0.021,,,,,,0.011,,,NE,0.9,,
34202050,2017/01/08,20,0.001,0.001,0.012,0.013,,,,,,0,,,SE,0.6,,
34202050,2017/01/08,21,0.001,0.002,0.010,0.012,,,,,,0.007,,,SSE,1.0,,
34202050,2017/01/08,22,0.001,0.001,0.007,0.008,,,,,,0.004,,,ENE,1.0,,
34202050,2017/01/08,23,0.001,0.001,0.007,0.008,,,,,,0.002,,,N,0.7,,
34202050,2017/01/08,24,0,0.001,0.007,0.008,,,,,,0.006,,,N,0.8,,
34202050,2017/01/09,01,0,0.001,0.014,0.015,,,,,,0.005,,,SE,0.6,,
34202050,2017/01/09,02,,,,,,,,,,0.014,,,NE,0.5,,
34202050,2017/01/09,03,0.001,0.001,0.012,0.013,,,,,,0.012,,,NNE,0.4,,
34202050,2017/01/09,04,0.001,0.001,0.009,0.010,,,,,,0.004,,,NNE,0.8,,
34202050,2017/01/09,05,0.001,0.004,0.018,0.022,,,,,,0.009,,,N,0.8,,
34202050,2017/01/09,06,0.001,0.006,0.021,0.027,,,,,,0.015,,,NE,0.5,,
34202050,2017/01/09,07,0.002,0.002,0.019,0.021,,,,,,0.011,,,CALM,0.1,,
34202050,2017/01/09,08,0.001,0.004,0.019,0.023,,,,,,0.008,,,CALM,0.2,,
34202050,2017/01/09,09,0.002,0.008,0.018,0.026,,,,,,0.022,,,ESE,0.4,,
34202050,2017/01/09,10,0.003,0.014,0.019,0.033,,,,,,0.022,,,S,1.1,,
34202050,2017/01/09,11,0.005,0.010,0.017,0.027,,,,,,0.011,,,NNW,0.7,,
34202050,2017/01/09,12,0.004,0.005,0.016,0.021,,,,,,0.020,,,NNW,1.5,,
34202050,2017/01/09,13,0.002,0.004,0.017,0.021,,,,,,0.010,,,NNW,0.6,,
34202050,2017/01/09,14,0.001,0.005,0.017,0.022,,,,,,0.006,,,NNW,2.6,,
34202050,2017/01/09,15,0.001,0.001,0.004,0.005,,,,,,0.012,,,NNW,2.5,,
34202050,2017/01/09,16,0.001,0.001,0.005,0.006,,,,,,0.022,,,NNW,1.7,,
34202050,2017/01/09,17,0.013,0.002,0.014,0.016,,,,,,0.029,,,ESE,1.0,,
34202050,2017/01/09,18,0.004,0.002,0.019,0.021,,,,,,0.039,,,N,0.7,,
34202050,2017/01/09,19,0.001,0.001,0.015,0.016,,,,,,0.036,,,NNE,0.8,,
34202050,2017/01/09,20,0.001,0.001,0.010,0.011,,,,,,0.022,,,SSE,1.5,,
34202050,2017/01/09,21,0.001,0.002,0.008,0.010,,,,,,0.056,,,SSE,1.6,,
34202050,2017/01/09,22,0.001,0.003,0.008,0.011,,,,,,0.040,,,SSE,1.9,,
34202050,2017/01/09,23,0.001,0.001,0.009,0.010,,,,,,0.034,,,CALM,0.1,,
34202050,2017/01/09,24,0.001,0.001,0.009,0.010,,,,,,0.021,,,SSE,1.3,,
34202050,2017/01/10,01,0.001,0.001,0.007,0.008,,,,,,0.021,,,SSE,1.9,,
34202050,2017/01/10,02,0.002,0.001,0.010,0.011,,,,,,0.031,,,SE,0.6,,
34202050,2017/01/10,03,0.002,0.001,0.009,0.010,,,,,,0.034,,,SSE,1.1,,
34202050,2017/01/10,04,0.001,0.001,0.010,0.011,,,,,,0.031,,,SSE,0.8,,
34202050,2017/01/10,05,0.001,0.002,0.018,0.020,,,,,,0.033,,,CALM,0.3,,
34202050,2017/01/10,06,0.001,0.001,0.011,0.012,,,,,,0.023,,,SE,1.5,,
34202050,2017/01/10,07,0.001,0.001,0.012,0.013,,,,,,0.038,,,CALM,0.2,,
34202050,2017/01/10,08,0.002,0.008,0.018,0.026,,,,,,0.032,,,SE,0.4,,
34202050,2017/01/10,09,0.003,0.020,0.026,0.046,,,,,,0.030,,,NE,0.6,,
34202050,2017/01/10,10,0.003,0.016,0.021,0.037,,,,,,0.030,,,SSE,2.2,,
34202050,2017/01/10,11,0.003,0.007,0.017,0.024,,,,,,0.023,,,S,2.0,,
34202050,2017/01/10,12,0.003,0.006,0.016,0.022,,,,,,0.041,,,S,2.2,,
34202050,2017/01/10,13,0.003,0.003,0.011,0.014,,,,,,0.017,,,S,1.8,,
34202050,2017/01/10,14,0.003,0.002,0.012,0.014,,,,,,0.021,,,E,0.7,,
34202050,2017/01/10,15,0.002,0.001,0.009,0.010,,,,,,0.021,,,NNW,0.8,,
34202050,2017/01/10,16,0.008,0.004,0.016,0.020,,,,,,0.008,,,NNW,2.2,,
34202050,2017/01/10,17,0.001,0.001,0.006,0.007,,,,,,0.020,,,NNW,2.4,,
34202050,2017/01/10,18,0.001,0.001,0.007,0.008,,,,,,0.016,,,NNW,2.0,,
34202050,2017/01/10,19,0.001,0.001,0.005,0.006,,,,,,0.020,,,NNW,1.6,,
34202050,2017/01/10,20,0.001,0.002,0.014,0.016,,,,,,0.019,,,NNE,1.3,,
34202050,2017/01/10,21,0.001,0.001,0.006,0.007,,,,,,0.006,,,NE,1.5,,
34202050,2017/01/10,22,0.001,0.001,0.009,0.010,,,,,,0.008,,,N,1.0,,
34202050,2017/01/10,23,0.001,0.001,0.010,0.011,,,,,,0.003,,,NNE,1.1,,
34202050,2017/01/10,24,0.001,0.001,0.002,0.003,,,,,,0.004,,,NNE,1.8,,
34202050,2017/01/11,01,0.001,0.001,0.002,0.003,,,,,,0.004,,,SE,0.5,,
34202050,2017/01/11,02,0.001,0.001,0.004,0.005,,,,,,0,,,E,0.4,,
34202050,2017/01/11,03,0.001,0,0.004,0.004,,,,,,0.001,,,WSW,1.3,,
34202050,2017/01/11,04,0.004,0.001,0.017,0.018,,,,,,0.008,,,S,0.4,,
34202050,2017/01/11,05,0.003,0.014,0.035,0.049,,,,,,0.003,,,ENE,0.6,,
34202050,2017/01/11,06,0.002,0.001,0.019,0.020,,,,,,0.004,,,N,0.8,,
34202050,2017/01/11,07,0.002,0.006,0.030,0.036,,,,,,0.014,,,N,1.2,,
34202050,2017/01/11,08,0.002,0.010,0.034,0.044,,,,,,0.029,,,N,1.4,,
34202050,2017/01/11,09,0.002,0.006,0.022,0.028,,,,,,0.011,,,N,1.0,,
34202050,2017/01/11,10,0.004,0.003,0.012,0.015,,,,,,0.016,,,NNW,0.8,,
34202050,2017/01/11,11,0.001,0.003,0.010,0.013,,,,,,0.012,,,N,1.1,,
34202050,2017/01/11,12,0.003,0.004,0.010,0.014,,,,,,0.013,,,S,1.2,,
34202050,2017/01/11,13,0.004,0.003,0.007,0.010,,,,,,0.002,,,NNW,1.9,,
34202050,2017/01/11,14,0.001,0.002,0.007,0.009,,,,,,0.016,,,NNE,0.9,,
34202050,2017/01/11,15,,0.002,0.006,0.008,,,,,,,,,NNW,2.6,,
34202050,2017/01/11,16,,0.001,0.005,0.006,,,,,,,,,NNW,2.0,,
34202050,2017/01/11,17,0.001,0.001,0.008,0.009,,,,,,0.025,,,NNW,2.0,,
34202050,2017/01/11,18,0.001,0.001,0.006,0.007,,,,,,0.013,,,NNW,1.4,,
34202050,2017/01/11,19,0.001,0.001,0.006,0.007,,,,,,0.026,,,NW,1.2,,
34202050,2017/01/11,20,0.006,0.002,0.011,0.013,,,,,,0.022,,,NNE,1.0,,
34202050,2017/01/11,21,0.008,0.002,0.012,0.014,,,,,,0.031,,,SW,2.3,,
34202050,2017/01/11,22,0.009,0.001,0.010,0.011,,,,,,0.050,,,SSW,2.1,,
34202050,2017/01/11,23,0.003,0.001,0.008,0.009,,,,,,0.023,,,SSW,1.9,,
34202050,2017/01/11,24,0.012,0.001,0.009,0.010,,,,,,0.042,,,SSE,1.6,,
34202050,2017/01/12,01,0.002,0.001,0.005,0.006,,,,,,0.032,,,SSW,1.9,,
34202050,2017/01/12,02,0.002,0.001,0.005,0.006,,,,,,0.015,,,S,1.2,,
34202050,2017/01/12,03,0.003,0.001,0.007,0.008,,,,,,0.011,,,SSE,1.3,,
34202050,2017/01/12,04,0.003,0.001,0.006,0.007,,,,,,0.007,,,SSE,1.4,,
34202050,2017/01/12,05,0.002,0.001,0.005,0.006,,,,,,0.004,,,SSE,1.3,,
34202050,2017/01/12,06,0.003,0.001,0.008,0.009,,,,,,0.006,,,SSW,2.2,,
34202050,2017/01/12,07,0.011,0.002,0.011,0.013,,,,,,0.014,,,SSW,1.7,,
34202050,2017/01/12,08,0.013,0.004,0.014,0.018,,,,,,0.032,,,SW,1.6,,
34202050,2017/01/12,09,0.009,0.003,0.014,0.017,,,,,,0.039,,,S,1.8,,
34202050,2017/01/12,10,0.006,0.003,0.012,0.015,,,,,,0.035,,,SSW,2.1,,
34202050,2017/01/12,11,0.003,0.003,0.009,0.012,,,,,,0.030,,,SSW,2.1,,
34202050,2017/01/12,12,0.004,0.003,0.010,0.013,,,,,,0.029,,,SSW,2.4,,
34202050,2017/01/12,13,0.007,0.003,0.011,0.014,,,,,,0.035,,,SW,2.9,,
34202050,2017/01/12,14,0.007,0.003,0.011,0.014,,,,,,0.033,,,S,1.9,,
34202050,2017/01/12,15,0.005,0.002,0.009,0.011,,,,,,0.025,,,SSW,1.7,,
34202050,2017/01/12,16,0.010,0.003,0.015,0.018,,,,,,0.037,,,NW,0.9,,
34202050,2017/01/12,17,0.005,0.001,0.011,0.012,,,,,,0.048,,,NW,0.4,,
34202050,2017/01/12,18,0.007,0.002,0.014,0.016,,,,,,0.020,,,SSE,1.1,,
34202050,2017/01/12,19,0.005,0.003,0.013,0.016,,,,,,0.018,,,SW,2.3,,
34202050,2017/01/12,20,0.005,0.001,0.008,0.009,,,,,,0.014,,,S,1.5,,
34202050,2017/01/12,21,0.004,0.001,0.006,0.007,,,,,,0.026,,,S,1.4,,
34202050,2017/01/12,22,0.003,0.001,0.006,0.007,,,,,,0.039,,,SSW,1.6,,
34202050,2017/01/12,23,0.004,0.001,0.007,0.008,,,,,,0.009,,,S,1.6,,
34202050,2017/01/12,24,0.003,0.001,0.007,0.008,,,,,,0.041,,,SSW,2.2,,
34202050,2017/01/13,01,0.003,0,0.006,0.006,,,,,,0.029,,,SSW,2.3,,
34202050,2017/01/13,02,0.006,0,0.006,0.006,,,,,,0.032,,,SSW,2.4,,
34202050,2017/01/13,03,0.005,0.001,0.006,0.007,,,,,,0.056,,,SW,2.3,,
34202050,2017/01/13,04,0.006,0.001,0.008,0.009,,,,,,0.051,,,NW,1.0,,
34202050,2017/01/13,05,0.005,0.001,0.009,0.010,,,,,,0.039,,,SSW,2.3,,
34202050,2017/01/13,06,0.012,0.002,0.016,0.018,,,,,,0.033,,,SSE,0.8,,
34202050,2017/01/13,07,0.003,0.002,0.010,0.012,,,,,,0.043,,,NNW,2.9,,
34202050,2017/01/13,08,0.001,0.001,0.006,0.007,,,,,,0.014,,,NNW,2.1,,
34202050,2017/01/13,09,0.002,0.001,0.009,0.010,,,,,,0.002,,,NNW,1.1,,
34202050,2017/01/13,10,0.001,0.001,0.006,0.007,,,,,,0.009,,,NNW,2.0,,
34202050,2017/01/13,11,0.001,0.002,0.006,0.008,,,,,,0.006,,,NNW,1.9,,
34202050,2017/01/13,12,0.001,0.001,0.005,0.006,,,,,,0.016,,,NNW,2.3,,
34202050,2017/01/13,13,0.001,0.001,0.005,0.006,,,,,,0.007,,,NNW,2.3,,
34202050,2017/01/13,14,0.003,0.002,0.008,0.010,,,,,,0.008,,,NNW,1.1,,
34202050,2017/01/13,15,0.002,0.002,0.007,0.009,,,,,,0.012,,,N,1.0,,
34202050,2017/01/13,16,0.004,0.002,0.010,0.012,,,,,,0.018,,,NW,1.1,,
34202050,2017/01/13,17,0.001,0.002,0.007,0.009,,,,,,0.011,,,NNW,1.6,,
34202050,2017/01/13,18,0.001,0.002,0.019,0.021,,,,,,0.012,,,N,0.4,,
34202050,2017/01/13,19,0.001,0.001,0.014,0.015,,,,,,0.028,,,SSE,0.5,,
34202050,2017/01/13,20,,,,,,,,,,,,,,,,
34202050,2017/01/13,21,0.008,0.002,0.012,0.014,,,,,,0.057,,,E,0.8,,
34202050,2017/01/13,22,0.002,0.001,0.008,0.009,,,,,,0.053,,,NNW,1.4,,
34202050,2017/01/13,23,0.001,0,0.010,0.010,,,,,,0.032,,,NNW,2.1,,
34202050,2017/01/13,24,0.002,0.001,0.009,0.010,,,,,,0.040,,,NNW,2.2,,
34202050,2017/01/14,01,0.001,0.001,0.013,0.014,,,,,,0.006,,,NNW,1.9,,
34202050,2017/01/14,02,0.002,0.001,0.008,0.009,,,,,,0.007,,,ENE,1.1,,
34202050,2017/01/14,03,0.001,0.001,0.006,0.007,,,,,,0.006,,,NW,0.8,,
34202050,2017/01/14,04,0.002,0.002,0.010,0.012,,,,,,0.006,,,NNE,1.6,,
34202050,2017/01/14,05,0.006,0.003,0.014,0.017,,,,,,0.019,,,ENE,0.8,,
34202050,2017/01/14,06,0.008,0.003,0.015,0.018,,,,,,0.023,,,NNE,0.8,,
34202050,2017/01/14,07,0.007,0.002,0.011,0.013,,,,,,0.036,,,SW,3.0,,
34202050,2017/01/14,08,,,,,,,,,,,,,,,,
34202050,2017/01/14,09,,,,,,,,,,,,,,,,
34202050,2017/01/14,10,,,,,,,,,,,,,,,,
34202050,2017/01/14,11,,,,,,,,,,,,,,,,
34202050,2017/01/14,12,0.009,0.003,0.008,0.011,,,,,,0.011,,,NNW,1.2,,
34202050,2017/01/14,13,0.008,0.004,0.009,0.013,,,,,,0.007,,,NNW,1.7,,
34202050,2017/01/14,14,0.007,0.003,0.008,0.011,,,,,,0.017,,,NW,2.2,,
34202050,2017/01/14,15,0.003,0.003,0.008,0.011,,,,,,0.028,,,NNW,2.6,,
34202050,2017/01/14,16,0.008,0.002,0.007,0.009,,,,,,0.025,,,NW,1.4,,
34202050,2017/01/14,17,0.005,0.003,0.009,0.012,,,,,,0.034,,,NNW,2.9,,
34202050,2017/01/14,18,0.001,0.001,0.005,0.006,,,,,,0.008,,,NNW,1.1,,
34202050,2017/01/14,19,0.002,0.001,0.007,0.008,,,,,,0.006,,,N,1.0,,
34202050,2017/01/14,20,0.003,0.001,0.010,0.011,,,,,,0.003,,,NNW,1.3,,
34202050,2017/01/14,21,0.002,0.001,0.006,0.007,,,,,,0.008,,,E,0.8,,
34202050,2017/01/14,22,0.001,0.001,0.007,0.008,,,,,,0.018,,,NNW,1.5,,
34202050,2017/01/14,23,0.002,0.001,0.004,0.005,,,,,,0.025,,,N,0.8,,
34202050,2017/01/14,24,0.001,0.001,0.003,0.004,,,,,,0.021,,,NNW,1.6,,
34202050,2017/01/15,01,0.001,0.001,0.008,0.009,,,,,,0.008,,,N,1.0,,
34202050,2017/01/15,02,0,0,0.006,0.006,,,,,,0.005,,,N,0.7,,
34202050,2017/01/15,03,0,0,0.002,0.002,,,,,,0.015,,,NNE,0.8,,
34202050,2017/01/15,04,0.001,0.001,0.006,0.007,,,,,,0.010,,,NNW,0.5,,
34202050,2017/01/15,05,0.001,0.001,0.010,0.011,,,,,,0.005,,,SSE,1.2,,
34202050,2017/01/15,06,0.001,0,0.003,0.003,,,,,,0,,,S,2.7,,
34202050,2017/01/15,07,0.001,0.001,0.003,0.004,,,,,,0,,,SSW,1.1,,
34202050,2017/01/15,08,0.001,0.001,0.005,0.006,,,,,,0.008,,,SSW,2.6,,
34202050,2017/01/15,09,0.001,0.002,0.009,0.011,,,,,,0.004,,,SSW,1.7,,
34202050,2017/01/15,10,0.001,0.002,0.009,0.011,,,,,,0.004,,,E,0.7,,
34202050,2017/01/15,11,0.001,0.002,0.009,0.011,,,,,,0.010,,,SE,0.7,,
34202050,2017/01/15,12,0.002,0.003,0.008,0.011,,,,,,0,,,ESE,0.9,,
34202050,2017/01/15,13,0.003,0.003,0.008,0.011,,,,,,0,,,NNW,1.2,,
34202050,2017/01/15,14,0.001,0.002,0.007,0.009,,,,,,0.008,,,NNW,1.0,,
34202050,2017/01/15,15,0.001,0.001,0.003,0.004,,,,,,0.004,,,NNW,1.7,,
34202050,2017/01/15,16,0.001,0.001,0.003,0.004,,,,,,0.004,,,NNW,1.1,,
34202050,2017/01/15,17,0.001,0.001,0.005,0.006,,,,,,0.002,,,NNW,0.8,,
34202050,2017/01/15,18,0.001,0.001,0.008,0.009,,,,,,0.005,,,N,0.8,,
34202050,2017/01/15,19,0,0.001,0.013,0.014,,,,,,0.006,,,NNW,1.0,,
34202050,2017/01/15,20,0,0.001,0.010,0.011,,,,,,0.004,,,ESE,0.6,,
34202050,2017/01/15,21,0,0.001,0.022,0.023,,,,,,0.007,,,W,0.8,,
34202050,2017/01/15,22,0.001,0.002,0.019,0.021,,,,,,0.010,,,WSW,0.9,,
34202050,2017/01/15,23,0.002,0.004,0.025,0.029,,,,,,0.004,,,SE,0.9,,
34202050,2017/01/15,24,0.002,0.002,0.019,0.021,,,,,,0.004,,,WSW,0.7,,
34202050,2017/01/16,01,0.003,0.006,0.024,0.030,,,,,,0.002,,,NW,0.7,,
34202050,2017/01/16,02,,,,,,,,,,0.004,,,SSW,2.0,,
34202050,2017/01/16,03,0.003,0.005,0.024,0.029,,,,,,0.003,,,NNW,0.8,,
34202050,2017/01/16,04,0.001,0.003,0.022,0.025,,,,,,0.008,,,N,1.1,,
34202050,2017/01/16,05,0.001,0.001,0.015,0.016,,,,,,0.005,,,NNE,1.4,,
34202050,2017/01/16,06,0.001,0.001,0.012,0.013,,,,,,0.008,,,NNE,0.6,,
34202050,2017/01/16,07,0.001,0.002,0.020,0.022,,,,,,0.006,,,NNE,1.4,,
34202050,2017/01/16,08,0.001,0.005,0.020,0.025,,,,,,0.010,,,N,1.4,,
34202050,2017/01/16,09,0.001,0.015,0.027,0.042,,,,,,0.015,,,NNW,1.2,,
34202050,2017/01/16,10,0.001,0.005,0.014,0.019,,,,,,0.006,,,NNW,1.0,,
34202050,2017/01/16,11,0.001,0.004,0.011,0.015,,,,,,0.004,,,N,0.7,,
34202050,2017/01/16,12,0.001,0.003,0.010,0.013,,,,,,0.003,,,NNW,1.3,,
34202050,2017/01/16,13,0.001,0.002,0.008,0.010,,,,,,0.002,,,N,1.5,,
34202050,2017/01/16,14,0.001,0.003,0.009,0.012,,,,,,0.002,,,NNW,1.7,,
34202050,2017/01/16,15,0.001,,,,,,,,,0.002,,,NNW,1.8,,
34202050,2017/01/16,16,0.001,,,,,,,,,0.001,,,NNW,1.9,,
34202050,2017/01/16,17,0.001,,,,,,,,,0.008,,,NNW,1.4,,
34202050,2017/01/16,18,0,,,,,,,,,0.010,,,NNW,1.6,,
34202050,2017/01/16,19,0,,,,,,,,,0.009,,,NNW,1.3,,
34202050,2017/01/16,20,0,,,,,,,,,0.017,,,NNE,0.9,,
34202050,2017/01/16,21,0,,,,,,,,,0.005,,,N,0.9,,
34202050,2017/01/16,22,0.001,,,,,,,,,0.013,,,NNE,0.8,,
34202050,2017/01/16,23,0,,,,,,,,,0.008,,,NNW,0.9,,
34202050,2017/01/16,24,0,,,,,,,,,0.015,,,N,0.6,,
34202050,2017/01/17,01,0,,,,,,,,,0,,,N,0.9,,
34202050,2017/01/17,02,0.001,,,,,,,,,0,,,NE,0.9,,
34202050,2017/01/17,03,0.001,,,,,,,,,0.010,,,NE,0.8,,
34202050,2017/01/17,04,0.001,,,,,,,,,0.003,,,N,0.6,,
34202050,2017/01/17,05,0.001,,,,,,,,,0.003,,,NE,1.3,,
34202050,2017/01/17,06,0,,,,,,,,,0.006,,,NE,0.6,,
34202050,2017/01/17,07,0,,,,,,,,,0.004,,,ENE,0.5,,
34202050,2017/01/17,08,0,,,,,,,,,0.006,,,NNE,1.0,,
34202050,2017/01/17,09,0.001,,,,,,,,,0.005,,,NNE,0.6,,
34202050,2017/01/17,10,0.003,,,,,,,,,0.005,,,NE,0.9,,
34202050,2017/01/17,11,0.002,,,,,,,,,0.002,,,N,0.7,,
34202050,2017/01/17,12,0.002,,,,,,,,,0,,,SSE,2.1,,
34202050,2017/01/17,13,0.002,,,,,,,,,0.007,,,W,0.4,,
34202050,2017/01/17,14,0.001,0.003,0.013,0.016,,,,,,0.003,,,N,1.7,,
34202050,2017/01/17,15,0.001,0.004,0.014,0.018,,,,,,0.006,,,NNW,1.4,,
34202050,2017/01/17,16,0.001,0.004,0.016,0.020,,,,,,0.004,,,N,1.2,,
34202050,2017/01/17,17,0.001,0.003,0.018,0.021,,,,,,0.005,,,N,0.9,,
34202050,2017/01/17,18,0.001,0,0.006,0.006,,,,,,0.011,,,N,1.0,,
34202050,2017/01/17,19,0.001,0,0.005,0.005,,,,,,0.003,,,NNE,0.8,,
34202050,2017/01/17,20,0,0,0.006,0.006,,,,,,0.002,,,NNW,0.6,,
34202050,2017/01/17,21,0.001,0,0.008,0.008,,,,,,0.001,,,N,0.8,,
34202050,2017/01/17,22,0.001,0,0.007,0.007,,,,,,0.007,,,CALM,0.3,,
34202050,2017/01/17,23,0.001,0,0.009,0.009,,,,,,0,,,NNE,0.7,,
34202050,2017/01/17,24,0.001,0,0.013,0.013,,,,,,0,,,NNE,0.8,,
34202050,2017/01/18,01,0.001,0,0.008,0.008,,,,,,0.001,,,N,0.4,,
34202050,2017/01/18,02,0.001,0,0.005,0.005,,,,,,0.003,,,NNE,0.8,,
34202050,2017/01/18,03,0.001,0,0.005,0.005,,,,,,0.005,,,ENE,0.4,,
34202050,2017/01/18,04,0.001,0,0.006,0.006,,,,,,0.001,,,SSE,0.8,,
34202050,2017/01/18,05,0.002,0,0.015,0.015,,,,,,0.004,,,CALM,0.3,,
34202050,2017/01/18,06,0.001,0,0.015,0.015,,,,,,0.007,,,N,0.4,,
34202050,2017/01/18,07,0.001,0.001,0.016,0.017,,,,,,0.011,,,ESE,0.4,,
34202050,2017/01/18,08,0.002,0.003,0.020,0.023,,,,,,0.005,,,NNE,0.7,,
34202050,2017/01/18,09,0.003,0.016,0.023,0.039,,,,,,0.024,,,NNE,0.6,,
34202050,2017/01/18,10,0.009,0.037,0.028,0.065,,,,,,0.042,,,SE,1.7,,
34202050,2017/01/18,11,0.010,0.021,0.023,0.044,,,,,,0.034,,,SSE,1.9,,
34202050,2017/01/18,12,0.018,0.035,0.031,0.066,,,,,,0.038,,,N,0.8,,
34202050,2017/01/18,13,0.017,0.020,0.028,0.048,,,,,,0.031,,,ENE,0.4,,
34202050,2017/01/18,14,0.011,0.009,0.022,0.031,,,,,,0.028,,,E,0.4,,
34202050,2017/01/18,15,0.006,0.004,0.014,0.018,,,,,,0.019,,,S,2.1,,
34202050,2017/01/18,16,0.005,0.002,0.013,0.015,,,,,,0.008,,,S,2.0,,
34202050,2017/01/18,17,0.005,0.001,0.013,0.014,,,,,,0.013,,,E,0.4,,
34202050,2017/01/18,18,0.004,0.003,0.027,0.030,,,,,,0.016,,,N,0.8,,
34202050,2017/01/18,19,0.003,0.002,0.024,0.026,,,,,,0.006,,,CALM,0.3,,
34202050,2017/01/18,20,0.003,0.004,0.031,0.035,,,,,,0.006,,,N,0.6,,
34202050,2017/01/18,21,0.003,0.001,0.027,0.028,,,,,,0.007,,,CALM,0.3,,
34202050,2017/01/18,22,0.003,0.001,0.027,0.028,,,,,,0.012,,,N,0.6,,
34202050,2017/01/18,23,0.003,0.002,0.025,0.027,,,,,,0.012,,,NE,0.4,,
34202050,2017/01/18,24,0.003,0.001,0.021,0.022,,,,,,0.020,,,CALM,0.3,,
34202050,2017/01/19,01,0.003,0.001,0.021,0.022,,,,,,0.018,,,CALM,0.3,,
34202050,2017/01/19,02,0.004,0,0.020,0.020,,,,,,0.013,,,SSE,1.1,,
34202050,2017/01/19,03,0.005,0.001,0.026,0.027,,,,,,0.031,,,S,1.6,,
34202050,2017/01/19,04,0.003,0.002,0.023,0.025,,,,,,0.020,,,CALM,0.3,,
34202050,2017/01/19,05,0.002,0.001,0.024,0.025,,,,,,0.017,,,N,0.8,,
34202050,2017/01/19,06,0.002,0.001,0.015,0.016,,,,,,0.022,,,NNW,0.6,,
34202050,2017/01/19,07,0.001,0.001,0.019,0.020,,,,,,0.038,,,N,0.8,,
34202050,2017/01/19,08,0.002,0,0.016,0.016,,,,,,0.030,,,N,1.2,,
34202050,2017/01/19,09,0.002,0.001,0.014,0.015,,,,,,0.014,,,E,0.5,,
34202050,2017/01/19,10,0.003,0.002,0.016,0.018,,,,,,0.053,,,NNW,0.7,,
34202050,2017/01/19,11,0.003,0.001,0.009,0.010,,,,,,0.042,,,N,1.3,,
34202050,2017/01/19,12,0.004,0.002,0.013,0.015,,,,,,0.024,,,SSE,0.5,,
34202050,2017/01/19,13,0.006,0.002,0.018,0.020,,,,,,0.053,,,S,0.7,,
34202050,2017/01/19,14,0.004,0.002,0.013,0.015,,,,,,0.036,,,SSW,2.0,,
34202050,2017/01/19,15,0.006,0.001,0.011,0.012,,,,,,0.037,,,SSE,1.6,,
34202050,2017/01/19,16,0.003,0,0.007,0.007,,,,,,0.027,,,SE,2.2,,
34202050,2017/01/19,17,0.004,0,0.009,0.009,,,,,,0.041,,,SE,2.3,,
34202050,2017/01/19,18,0.003,0,0.008,0.008,,,,,,0.034,,,ESE,2.0,,
34202050,2017/01/19,19,0.003,0,0.006,0.006,,,,,,0.022,,,ESE,2.1,,
34202050,2017/01/19,20,0.003,0,0.007,0.007,,,,,,0.027,,,E,1.4,,
34202050,2017/01/19,21,0.002,0,0.012,0.012,,,,,,0.021,,,NNE,0.5,,
34202050,2017/01/19,22,0.002,0,0.008,0.008,,,,,,0.029,,,NNW,0.5,,
34202050,2017/01/19,23,0.002,0,0.009,0.009,,,,,,0.034,,,N,0.5,,
34202050,2017/01/19,24,0.003,0,0.010,0.010,,,,,,0.036,,,E,2.4,,
34202050,2017/01/20,01,0.002,0,0.016,0.016,,,,,,0.020,,,NE,0.5,,
34202050,2017/01/20,02,0.002,0,0.012,0.012,,,,,,0.018,,,SE,0.7,,
34202050,2017/01/20,03,0.002,0,0.011,0.011,,,,,,0.032,,,NE,0.4,,
34202050,2017/01/20,04,0.002,0,0.011,0.011,,,,,,0.033,,,NNE,0.6,,
34202050,2017/01/20,05,0.001,0,0.012,0.012,,,,,,0.023,,,NNW,1.2,,
34202050,2017/01/20,06,0.001,0.001,0.020,0.021,,,,,,0.039,,,NNE,1.0,,
34202050,2017/01/20,07,0.001,0.003,0.021,0.024,,,,,,0.031,,,SSE,1.7,,
34202050,2017/01/20,08,,,,,,,,,,,,,,,,
34202050,2017/01/20,09,0.002,0.003,0.015,0.018,,,,,,0.040,,,SSE,1.8,,
34202050,2017/01/20,10,0.003,0.003,0.017,0.020,,,,,,0.025,,,SW,2.7,,
34202050,2017/01/20,11,0.004,0.002,0.016,0.018,,,,,,0.029,,,SSW,2.5,,
34202050,2017/01/20,12,0.007,0.004,0.013,0.017,,,,,,0.007,,,SSW,2.0,,
34202050,2017/01/20,13,0.010,0.004,0.013,0.017,,,,,,0.011,,,SSW,2.6,,
34202050,2017/01/20,14,0.007,0.003,0.011,0.014,,,,,,0.011,,,SSW,2.7,,
34202050,2017/01/20,15,0.009,0.003,0.012,0.015,,,,,,0.002,,,SW,3.7,,
34202050,2017/01/20,16,0.014,0.003,0.015,0.018,,,,,,0.012,,,NE,1.4,,
34202050,2017/01/20,17,0.023,0.004,0.021,0.025,,,,,,0.044,,,NNW,1.2,,
34202050,2017/01/20,18,0.002,0.001,0.015,0.016,,,,,,0.055,,,SSW,1.7,,
34202050,2017/01/20,19,0.009,0.001,0.017,0.018,,,,,,0.038,,,NE,1.2,,
34202050,2017/01/20,20,0.006,0,0.012,0.012,,,,,,0.055,,,NNW,0.7,,
34202050,2017/01/20,21,0.001,0,0.011,0.011,,,,,,0.026,,,NNW,2.2,,
34202050,2017/01/20,22,0,0,0.006,0.006,,,,,,0.023,,,NNW,2.5,,
34202050,2017/01/20,23,0,0,0.009,0.009,,,,,,0.017,,,NNW,2.0,,
34202050,2017/01/20,24,0.001,0,0.005,0.005,,,,,,0.022,,,NNW,1.3,,
34202050,2017/01/21,01,0.001,0,0.006,0.006,,,,,,0.027,,,NNW,1.7,,
34202050,2017/01/21,02,0,0,0.011,0.011,,,,,,0.021,,,NNW,1.7,,
34202050,2017/01/21,03,0,0,0.011,0.011,,,,,,0.021,,,N,1.0,,
34202050,2017/01/21,04,0,0,0.008,0.008,,,,,,0.013,,,N,1.3,,
34202050,2017/01/21,05,0.001,0,0.009,0.009,,,,,,0.033,,,NE,0.8,,
34202050,2017/01/21,06,0.001,0,0.005,0.005,,,,,,0.020,,,N,0.8,,
34202050,2017/01/21,07,0.001,0,0.013,0.013,,,,,,0.022,,,ENE,0.5,,
34202050,2017/01/21,08,0.001,0.001,0.015,0.016,,,,,,0.024,,,NNE,1.6,,
34202050,2017/01/21,09,0.001,0,0.007,0.007,,,,,,0.036,,,NNE,1.0,,
34202050,2017/01/21,10,0.001,0.001,0.007,0.008,,,,,,0.010,,,NNE,1.0,,
34202050,2017/01/21,11,0.002,0.002,0.008,0.010,,,,,,0.008,,,N,1.0,,
34202050,2017/01/21,12,0.001,0.002,0.008,0.010,,,,,,0.009,,,NNW,1.8,,
34202050,2017/01/21,13,0.001,0.001,0.008,0.009,,,,,,0.002,,,N,0.9,,
34202050,2017/01/21,14,0.005,0.003,0.010,0.013,,,,,,0.011,,,SW,1.6,,
34202050,2017/01/21,15,0.003,0,0.010,0.010,,,,,,0.014,,,NNE,0.4,,
34202050,2017/01/21,16,0.007,0.003,0.014,0.017,,,,,,0.021,,,S,1.2,,
34202050,2017/01/21,17,0.002,0,0.007,0.007,,,,,,0.024,,,SE,1.5,,
34202050,2017/01/21,18,0.001,0,0.008,0.008,,,,,,0.020,,,SSE,1.5,,
34202050,2017/01/21,19,0.001,0.001,0.008,0.009,,,,,,0.017,,,SSW,2.1,,
34202050,2017/01/21,20,0.004,0.002,0.012,0.014,,,,,,0.032,,,SW,1.9,,
34202050,2017/01/21,21,0.003,0,0.008,0.008,,,,,,0.021,,,S,0.9,,
34202050,2017/01/21,22,0.004,0.001,0.012,0.013,,,,,,0.023,,,S,1.2,,
34202050,2017/01/21,23,0.006,0.001,0.015,0.016,,,,,,0.034,,,SW,1.8,,
34202050,2017/01/21,24,0.008,0.001,0.015,0.016,,,,,,0.041,,,SSE,2.4,,
34202050,2017/01/22,01,0.002,0,0.004,0.004,,,,,,0.023,,,S,2.4,,
34202050,2017/01/22,02,0.003,0,0.005,0.005,,,,,,0.015,,,SSW,1.8,,
34202050,2017/01/22,03,0.006,0,0.008,0.008,,,,,,0.028,,,SSE,2.3,,
34202050,2017/01/22,04,0.001,0,0.005,0.005,,,,,,0.003,,,SSE,2.2,,
34202050,2017/01/22,05,0.001,0,0.007,0.007,,,,,,0.005,,,S,1.7,,
34202050,2017/01/22,06,0.001,0,0.005,0.005,,,,,,0.004,,,S,1.7,,
34202050,2017/01/22,07,0.001,0,0.006,0.006,,,,,,0.004,,,S,2.0,,
34202050,2017/01/22,08,0.001,0.001,0.006,0.007,,,,,,0.005,,,S,2.2,,
34202050,2017/01/22,09,0.001,0,0.007,0.007,,,,,,0.009,,,S,1.4,,
34202050,2017/01/22,10,0.002,0.002,0.010,0.012,,,,,,0.008,,,S,2.1,,
34202050,2017/01/22,11,0.003,0.002,0.008,0.010,,,,,,0.006,,,SSW,2.5,,
34202050,2017/01/22,12,0.009,0.003,0.010,0.013,,,,,,0.031,,,SW,2.1,,
34202050,2017/01/22,13,0.009,0.002,0.011,0.013,,,,,,0.043,,,NE,1.3,,
34202050,2017/01/22,14,0.012,0.004,0.013,0.017,,,,,,0.035,,,SW,2.8,,
34202050,2017/01/22,15,0.009,0.005,0.014,0.019,,,,,,0.043,,,NNW,1.9,,
34202050,2017/01/22,16,0.001,0,0.004,0.004,,,,,,0.030,,,NNW,2.3,,
34202050,2017/01/22,17,0.001,0,0.004,0.004,,,,,,0.010,,,NNW,2.1,,
34202050,2017/01/22,18,0.001,0,0.004,0.004,,,,,,0.010,,,NNW,1.6,,
34202050,2017/01/22,19,0.006,0.001,0.011,0.012,,,,,,0.004,,,N,1.3,,
34202050,2017/01/22,20,0.005,0.001,0.009,0.010,,,,,,0.016,,,WSW,1.0,,
34202050,2017/01/22,21,0.004,0,0.007,0.007,,,,,,0.015,,,SSW,1.9,,
34202050,2017/01/22,22,0.002,0,0.007,0.007,,,,,,0.013,,,SSW,1.9,,
34202050,2017/01/22,23,0.003,0,0.007,0.007,,,,,,0.011,,,SSW,1.8,,
34202050,2017/01/22,24,0.003,0,0.006,0.006,,,,,,0.022,,,SSW,2.5,,
34202050,2017/01/23,01,0.003,0,0.005,0.005,,,,,,0.024,,,SSW,2.5,,
34202050,2017/01/23,02,,,,,,,,,,0.013,,,SW,1.6,,
34202050,2017/01/23,03,0.011,0.001,0.012,0.013,,,,,,0.024,,,NNE,1.0,,
34202050,2017/01/23,04,0.005,0.001,0.010,0.011,,,,,,0.034,,,NE,1.0,,
34202050,2017/01/23,05,0.013,0.001,0.013,0.014,,,,,,0.034,,,N,1.0,,
34202050,2017/01/23,06,0.010,0.001,0.012,0.013,,,,,,0.002,,,ENE,1.0,,
34202050,2017/01/23,07,0.012,0.001,0.014,0.015,,,,,,0.013,,,N,1.1,,
34202050,2017/01/23,08,0.011,0.002,0.013,0.015,,,,,,0.023,,,SW,2.7,,
34202050,2017/01/23,09,0.011,0.004,0.014,0.018,,,,,,0.028,,,E,1.0,,
34202050,2017/01/23,10,0.014,0.004,0.012,0.016,,,,,,0.016,,,NNE,0.9,,
34202050,2017/01/23,11,0.007,0.003,0.011,0.014,,,,,,0.026,,,NNW,1.3,,
34202050,2017/01/23,12,0.019,0.006,0.015,0.021,,,,,,0.015,,,NNE,1.2,,
34202050,2017/01/23,13,0.007,0.003,0.010,0.013,,,,,,0.017,,,NNW,2.1,,
34202050,2017/01/23,14,,0.002,0.008,0.010,,,,,,0.017,,,NE,1.4,,
34202050,2017/01/23,15,0.014,0.004,0.014,0.018,,,,,,0.032,,,NE,1.2,,
34202050,2017/01/23,16,0.010,0.004,0.017,0.021,,,,,,0.055,,,N,1.1,,
34202050,2017/01/23,17,0.018,0.003,0.018,0.021,,,,,,0.034,,,NNE,1.3,,
34202050,2017/01/23,18,0.009,0.002,0.017,0.019,,,,,,0.030,,,NE,1.2,,
34202050,2017/01/23,19,0.014,0.002,0.017,0.019,,,,,,0.028,,,ESE,0.9,,
34202050,2017/01/23,20,0.012,0.002,0.018,0.020,,,,,,0.037,,,NW,0.9,,
34202050,2017/01/23,21,0.008,0.001,0.015,0.016,,,,,,0.024,,,N,0.8,,
34202050,2017/01/23,22,0.002,0,0.007,0.007,,,,,,0.025,,,N,0.7,,
34202050,2017/01/23,23,0.006,0.001,0.009,0.010,,,,,,0.026,,,WSW,0.6,,
34202050,2017/01/23,24,0.002,0,0.006,0.006,,,,,,0.019,,,SSW,1.6,,
34202050,2017/01/24,01,0.003,0.001,0.013,0.014,,,,,,0.020,,,SSW,1.6,,
34202050,2017/01/24,02,0.001,0,0.007,0.007,,,,,,0.012,,,SSW,2.1,,
34202050,2017/01/24,03,0.002,0.002,0.009,0.011,,,,,,0.012,,,S,1.5,,
34202050,2017/01/24,04,0.002,0,0.007,0.007,,,,,,0.019,,,SW,2.1,,
34202050,2017/01/24,05,0.002,0,0.015,0.015,,,,,,0.032,,,NE,0.6,,
34202050,2017/01/24,06,0.001,0.019,0.038,0.057,,,,,,0.021,,,NE,0.4,,
34202050,2017/01/24,07,0.002,0.009,0.030,0.039,,,,,,0.048,,,N,0.6,,
34202050,2017/01/24,08,0.002,0.004,0.019,0.023,,,,,,0.032,,,SSW,1.8,,
34202050,2017/01/24,09,0.004,0.003,0.014,0.017,,,,,,0.030,,,SSE,0.8,,
34202050,2017/01/24,10,0.006,0.004,0.015,0.019,,,,,,0.017,,,S,0.8,,
34202050,2017/01/24,11,0.005,0.003,0.012,0.015,,,,,,0.025,,,E,1.0,,
34202050,2017/01/24,12,0.003,0.002,0.009,0.011,,,,,,0.016,,,NNW,2.0,,
34202050,2017/01/24,13,0.001,0.001,0.007,0.008,,,,,,0.029,,,NNW,1.4,,
34202050,2017/01/24,14,0.003,0.002,0.010,0.012,,,,,,0.005,,,NNE,1.2,,
34202050,2017/01/24,15,0.006,0.003,0.011,0.014,,,,,,0.014,,,NNW,1.5,,
34202050,2017/01/24,16,0.007,0.002,0.011,0.013,,,,,,0.016,,,NNE,1.5,,
34202050,2017/01/24,17,0.005,0.002,0.013,0.015,,,,,,0.032,,,ENE,1.1,,
34202050,2017/01/24,18,0.007,0.002,0.018,0.020,,,,,,0.030,,,NNW,0.9,,
34202050,2017/01/24,19,0.001,0,0.006,0.006,,,,,,0.020,,,NNW,1.1,,
34202050,2017/01/24,20,0.001,0,0.006,0.006,,,,,,0.016,,,NNW,1.1,,
34202050,2017/01/24,21,0.001,0,0.009,0.009,,,,,,0.015,,,N,1.2,,
34202050,2017/01/24,22,0.001,0,0.012,0.012,,,,,,0.014,,,N,1.2,,
34202050,2017/01/24,23,0.001,0,0.007,0.007,,,,,,0.016,,,NNE,1.5,,
34202050,2017/01/24,24,0.001,0,0.007,0.007,,,,,,0.003,,,N,1.0,,
34202050,2017/01/25,01,0.001,0,0.007,0.007,,,,,,0.002,,,N,0.8,,
34202050,2017/01/25,02,0.001,0,0.009,0.009,,,,,,0.006,,,N,1.0,,
34202050,2017/01/25,03,0.001,0,0.014,0.014,,,,,,0.004,,,NNW,0.7,,
34202050,2017/01/25,04,0.001,0,0.023,0.023,,,,,,0.007,,,NNE,0.5,,
34202050,2017/01/25,05,0.001,0,0.017,0.017,,,,,,0.001,,,NNE,0.4,,
34202050,2017/01/25,06,0.001,0.001,0.013,0.014,,,,,,0,,,N,0.6,,
34202050,2017/01/25,07,0.001,0,0.006,0.006,,,,,,0,,,N,0.4,,
34202050,2017/01/25,08,0.001,0.001,0.012,0.013,,,,,,0.003,,,NNE,0.6,,
34202050,2017/01/25,09,0.001,0.002,0.015,0.017,,,,,,0.003,,,SE,1.1,,
34202050,2017/01/25,10,0.002,0.031,0.035,0.066,,,,,,0.013,,,N,0.6,,
34202050,2017/01/25,11,0.003,0.024,0.030,0.054,,,,,,0.021,,,NNE,0.7,,
34202050,2017/01/25,12,0.005,0.005,0.015,0.020,,,,,,0.008,,,NW,0.6,,
34202050,2017/01/25,13,0.003,0.002,0.011,0.013,,,,,,0.012,,,NE,0.8,,
34202050,2017/01/25,14,0.005,0.004,0.016,0.020,,,,,,0.028,,,ESE,1.2,,
34202050,2017/01/25,15,0.002,0.001,0.006,0.007,,,,,,0.007,,,SSE,3.8,,
34202050,2017/01/25,16,0.001,0.001,0.004,0.005,,,,,,0.014,,,SSE,4.0,,
34202050,2017/01/25,17,0.001,0,0.005,0.005,,,,,,0.002,,,SSE,2.8,,
34202050,2017/01/25,18,0.001,0,0.006,0.006,,,,,,0.002,,,SSE,2.0,,
34202050,2017/01/25,19,0.001,0.001,0.007,0.008,,,,,,0.001,,,S,1.7,,
34202050,2017/01/25,20,0.001,0.001,0.008,0.009,,,,,,0,,,SE,0.8,,
34202050,2017/01/25,21,0.001,0.001,0.007,0.008,,,,,,0.007,,,CALM,0.3,,
34202050,2017/01/25,22,0.001,0,0.006,0.006,,,,,,0.008,,,NE,2.0,,
34202050,2017/01/25,23,0.001,0,0.007,0.007,,,,,,0.001,,,CALM,0.3,,
34202050,2017/01/25,24,0.001,0,0.011,0.011,,,,,,0.002,,,NNE,0.7,,
34202050,2017/01/26,01,0.001,0,0.008,0.008,,,,,,0,,,N,0.6,,
34202050,2017/01/26,02,0.001,0.002,0.018,0.020,,,,,,0.004,,,NNW,0.4,,
34202050,2017/01/26,03,0.001,0.001,0.014,0.015,,,,,,0.001,,,N,0.4,,
34202050,2017/01/26,04,0.001,0.009,0.035,0.044,,,,,,0.002,,,CALM,0.2,,
34202050,2017/01/26,05,0.001,0.003,0.029,0.032,,,,,,0.012,,,N,0.4,,
34202050,2017/01/26,06,0.001,0,0.021,0.021,,,,,,0.004,,,CALM,0.3,,
34202050,2017/01/26,07,0.003,0,0.015,0.015,,,,,,0.009,,,NE,0.4,,
34202050,2017/01/26,08,0.004,0.006,0.022,0.028,,,,,,0.004,,,CALM,0.3,,
34202050,2017/01/26,09,0.004,0.039,0.040,0.079,,,,,,0.014,,,E,0.6,,
34202050,2017/01/26,10,0.008,0.050,0.044,0.094,,,,,,0.026,,,CALM,0.3,,
34202050,2017/01/26,11,0.011,0.020,0.030,0.050,,,,,,0.039,,,CALM,0.3,,
34202050,2017/01/26,12,0.008,0.006,0.017,0.023,,,,,,0.016,,,SSE,1.8,,
34202050,2017/01/26,13,0.004,0.002,0.010,0.012,,,,,,0.028,,,S,2.6,,
34202050,2017/01/26,14,0.003,0.003,0.008,0.011,,,,,,0.006,,,SSW,2.4,,
34202050,2017/01/26,15,0.003,0.001,0.008,0.009,,,,,,0.008,,,S,2.0,,
34202050,2017/01/26,16,0.003,0.001,0.007,0.008,,,,,,0.013,,,S,1.6,,
34202050,2017/01/26,17,0.003,0,0.007,0.007,,,,,,0.016,,,SSE,3.5,,
34202050,2017/01/26,18,0.003,0,0.007,0.007,,,,,,0,,,SE,1.7,,
34202050,2017/01/26,19,0.003,0.002,0.010,0.012,,,,,,0.003,,,S,1.4,,
34202050,2017/01/26,20,0.003,0.001,0.009,0.010,,,,,,0.005,,,SSE,1.4,,
34202050,2017/01/26,21,0.003,0.001,0.008,0.009,,,,,,0.002,,,SSE,2.1,,
34202050,2017/01/26,22,0.002,0.001,0.009,0.010,,,,,,0,,,SSE,0.6,,
34202050,2017/01/26,23,0.002,0,0.008,0.008,,,,,,0.001,,,E,0.7,,
34202050,2017/01/26,24,0.004,0.001,0.012,0.013,,,,,,0.003,,,CALM,0.2,,
34202050,2017/01/27,01,0.003,0.009,0.027,0.036,,,,,,0.003,,,NNE,0.5,,
34202050,2017/01/27,02,0.004,0,0.023,0.023,,,,,,0.007,,,SSE,0.9,,
34202050,2017/01/27,03,0.006,0.005,0.021,0.026,,,,,,0.010,,,CALM,0.3,,
34202050,2017/01/27,04,0.006,0.034,0.036,0.070,,,,,,0.014,,,S,1.0,,
34202050,2017/01/27,05,0.004,0,0.020,0.020,,,,,,0.023,,,S,1.2,,
34202050,2017/01/27,06,0.010,0.004,0.021,0.025,,,,,,0.031,,,SE,2.0,,
34202050,2017/01/27,07,0.005,0,0.011,0.011,,,,,,0.019,,,S,2.2,,
34202050,2017/01/27,08,0.003,0.001,0.012,0.013,,,,,,0.005,,,SSE,1.3,,
34202050,2017/01/27,09,0.002,0.001,0.011,0.012,,,,,,0.002,,,S,1.5,,
34202050,2017/01/27,10,0.006,0.003,0.014,0.017,,,,,,0.005,,,SSE,1.7,,
34202050,2017/01/27,11,0.003,0.002,0.014,0.016,,,,,,0.013,,,SSE,1.7,,
34202050,2017/01/27,12,0.003,0.001,0.011,0.012,,,,,,0.012,,,S,2.0,,
34202050,2017/01/27,13,0.002,0,0.007,0.007,,,,,,0.021,,,SSE,1.7,,
34202050,2017/01/27,14,0.002,0.001,0.013,0.014,,,,,,0.019,,,SSE,1.3,,
34202050,2017/01/27,15,0.002,0.001,0.013,0.014,,,,,,0.032,,,S,2.2,,
34202050,2017/01/27,16,0.002,0.001,0.012,0.013,,,,,,0.014,,,SSE,2.4,,
34202050,2017/01/27,17,0.002,0.001,0.014,0.015,,,,,,0.045,,,SSE,2.5,,
34202050,2017/01/27,18,0.002,0,0.018,0.018,,,,,,0.058,,,SSE,1.3,,
34202050,2017/01/27,19,0.002,0,0.017,0.017,,,,,,0.043,,,SSE,1.0,,
34202050,2017/01/27,20,0.001,0.001,0.017,0.018,,,,,,0.051,,,N,0.4,,
34202050,2017/01/27,21,0.001,0,0.015,0.015,,,,,,0.046,,,NNE,1.3,,
34202050,2017/01/27,22,0.001,0,0.006,0.006,,,,,,0.023,,,NE,0.9,,
34202050,2017/01/27,23,0.001,0,0.004,0.004,,,,,,0.008,,,N,1.4,,
34202050,2017/01/27,24,0.001,0,0.005,0.005,,,,,,0.012,,,NE,0.6,,
34202050,2017/01/28,01,0.001,0,0.004,0.004,,,,,,0.029,,,N,0.5,,
34202050,2017/01/28,02,0.001,0.001,0.020,0.021,,,,,,0.018,,,NNE,0.7,,
34202050,2017/01/28,03,0.001,0,0.017,0.017,,,,,,0.026,,,NNW,0.7,,
34202050,2017/01/28,04,0.001,0.002,0.027,0.029,,,,,,0.015,,,CALM,0.3,,
34202050,2017/01/28,05,0.001,0.003,0.030,0.033,,,,,,0.018,,,CALM,0.2,,
34202050,2017/01/28,06,0.002,0,0.025,0.025,,,,,,0.012,,,N,0.4,,
34202050,2017/01/28,07,0.004,0.005,0.030,0.035,,,,,,0.025,,,CALM,0.2,,
34202050,2017/01/28,08,0.003,0.046,0.041,0.087,,,,,,0.036,,,NNE,0.5,,
34202050,2017/01/28,09,0.006,0.014,0.032,0.046,,,,,,0.009,,,NE,0.5,,
34202050,2017/01/28,10,0.011,0.025,0.032,0.057,,,,,,0.043,,,SSE,1.8,,
34202050,2017/01/28,11,0.006,0.009,0.020,0.029,,,,,,0.030,,,SE,1.8,,
34202050,2017/01/28,12,0.007,0.008,0.021,0.029,,,,,,0.022,,,SE,1.4,,
34202050,2017/01/28,13,0.004,0.002,0.010,0.012,,,,,,0.023,,,S,2.0,,
34202050,2017/01/28,14,0.005,0.003,0.015,0.018,,,,,,0.015,,,SE,1.3,,
34202050,2017/01/28,15,0.003,0.001,0.008,0.009,,,,,,0.019,,,SSE,2.5,,
34202050,2017/01/28,16,0.003,0.001,0.008,0.009,,,,,,0.027,,,S,1.8,,
34202050,2017/01/28,17,0.004,0,0.009,0.009,,,,,,0.009,,,SE,2.0,,
34202050,2017/01/28,18,0.003,0,0.010,0.010,,,,,,0.032,,,WNW,0.4,,
34202050,2017/01/28,19,0.003,0.001,0.016,0.017,,,,,,0.024,,,CALM,0.3,,
34202050,2017/01/28,20,0.002,0,0.014,0.014,,,,,,0.020,,,CALM,0.2,,
34202050,2017/01/28,21,0.002,0,0.015,0.015,,,,,,0.017,,,SSE,1.3,,
34202050,2017/01/28,22,0.002,0,0.023,0.023,,,,,,0.028,,,CALM,0.3,,
34202050,2017/01/28,23,0.003,0.002,0.030,0.032,,,,,,0.030,,,NNE,0.6,,
34202050,2017/01/28,24,0.003,0,0.016,0.016,,,,,,0.040,,,N,0.6,,
34202050,2017/01/29,01,0.002,0,0.012,0.012,,,,,,0.031,,,S,1.1,,
34202050,2017/01/29,02,0.002,0.001,0.017,0.018,,,,,,0.022,,,CALM,0.2,,
34202050,2017/01/29,03,0.002,0,0.020,0.020,,,,,,0.017,,,SSE,1.5,,
34202050,2017/01/29,04,0.003,0,0.021,0.021,,,,,,0.035,,,CALM,0.1,,
34202050,2017/01/29,05,0.003,0,0.022,0.022,,,,,,0.032,,,CALM,0.2,,
34202050,2017/01/29,06,0.003,0.003,0.026,0.029,,,,,,0.025,,,SE,0.5,,
34202050,2017/01/29,07,0.003,0.002,0.025,0.027,,,,,,0.012,,,NNE,0.4,,
34202050,2017/01/29,08,0.005,0.003,0.027,0.030,,,,,,0.037,,,S,1.3,,
34202050,2017/01/29,09,0.005,0.014,0.028,0.042,,,,,,0.035,,,SSE,0.5,,
34202050,2017/01/29,10,0.007,0.014,0.027,0.041,,,,,,0.031,,,S,1.2,,
34202050,2017/01/29,11,0.005,0.011,0.029,0.040,,,,,,0.040,,,CALM,0.1,,
34202050,2017/01/29,12,0.002,0.017,0.028,0.045,,,,,,0.041,,,NNE,0.5,,
34202050,2017/01/29,13,0.002,0.013,0.028,0.041,,,,,,0.033,,,SSE,2.1,,
34202050,2017/01/29,14,0.003,0.012,0.030,0.042,,,,,,0.038,,,CALM,0.3,,
34202050,2017/01/29,15,0.002,0.020,0.033,0.053,,,,,,0.053,,,S,1.4,,
34202050,2017/01/29,16,0.002,0.010,0.033,0.043,,,,,,0.057,,,SSE,1.8,,
34202050,2017/01/29,17,0.001,0.006,0.032,0.038,,,,,,0.078,,,CALM,0.1,,
34202050,2017/01/29,18,0.001,0.015,0.033,0.048,,,,,,0.051,,,CALM,0.1,,
34202050,2017/01/29,19,0.001,0.020,0.034,0.054,,,,,,0.043,,,SSE,1.5,,
34202050,2017/01/29,20,0.001,0.008,0.032,0.040,,,,,,0.049,,,ESE,0.8,,
34202050,2017/01/29,21,0.001,0.006,0.031,0.037,,,,,,0.034,,,N,0.4,,
34202050,2017/01/29,22,0.001,0.021,0.033,0.054,,,,,,0.041,,,NNE,0.9,,
34202050,2017/01/29,23,0.001,0.003,0.028,0.031,,,,,,0.032,,,SSW,0.7,,
34202050,2017/01/29,24,0,0.003,0.028,0.031,,,,,,0.032,,,N,0.5,,
34202050,2017/01/30,01,0,0.005,0.028,0.033,,,,,,0.032,,,NNE,0.5,,
34202050,2017/01/30,02,,,,,,,,,,0.036,,,NE,1.1,,
34202050,2017/01/30,03,0.001,0.003,0.023,0.026,,,,,,0.017,,,NNE,0.6,,
34202050,2017/01/30,04,0.001,0.007,0.026,0.033,,,,,,0.036,,,SE,0.4,,
34202050,2017/01/30,05,,,,,,,,,,,,,,,,
34202050,2017/01/30,06,0.001,0.002,0.018,0.020,,,,,,0.076,,,S,2.0,,
34202050,2017/01/30,07,0.001,0.009,0.022,0.031,,,,,,0.085,,,N,0.8,,
34202050,2017/01/30,08,0.001,0.010,0.024,0.034,,,,,,0.030,,,NNW,0.6,,
34202050,2017/01/30,09,0,0.012,0.024,0.036,,,,,,0.046,,,SW,0.4,,
34202050,2017/01/30,10,0.001,0.018,0.026,0.044,,,,,,0.016,,,E,0.9,,
34202050,2017/01/30,11,0.010,0.007,0.021,0.028,,,,,,0.027,,,SSW,1.0,,
34202050,2017/01/30,12,,0.005,0.016,0.021,,,,,,0.033,,,SE,1.4,,
34202050,2017/01/30,13,,0.003,0.014,0.017,,,,,,0.034,,,NE,1.4,,
34202050,2017/01/30,14,0.009,0.002,0.014,0.016,,,,,,0.040,,,NNW,1.1,,
34202050,2017/01/30,15,0.011,0.003,0.016,0.019,,,,,,0.051,,,ENE,1.5,,
34202050,2017/01/30,16,0.014,0.003,0.019,0.022,,,,,,0.035,,,NW,1.3,,
34202050,2017/01/30,17,0.002,0,0.006,0.006,,,,,,0.039,,,NNW,2.3,,
34202050,2017/01/30,18,0.005,0,0.010,0.010,,,,,,0.031,,,NNW,1.1,,
34202050,2017/01/30,19,0.009,0.001,0.017,0.018,,,,,,0.042,,,WSW,1.1,,
34202050,2017/01/30,20,0.011,0.001,0.019,0.020,,,,,,0.049,,,N,0.8,,
34202050,2017/01/30,21,0.002,0,0.006,0.006,,,,,,0.022,,,NNW,1.4,,
34202050,2017/01/30,22,0.001,0,0.011,0.011,,,,,,0.017,,,NNW,1.3,,
34202050,2017/01/30,23,0.001,0,0.008,0.008,,,,,,0.010,,,NNW,1.3,,
34202050,2017/01/30,24,0,0,0.008,0.008,,,,,,0.011,,,NNW,2.1,,
34202050,2017/01/31,01,0,0.001,0.010,0.011,,,,,,0.005,,,NNW,2.0,,
34202050,2017/01/31,02,0,0,0.009,0.009,,,,,,0.006,,,NNW,1.7,,
34202050,2017/01/31,03,0.001,0,0.006,0.006,,,,,,0.008,,,N,2.1,,
34202050,2017/01/31,04,0.001,0,0.002,0.002,,,,,,0.002,,,N,1.8,,
34202050,2017/01/31,05,0.001,0,0.002,0.002,,,,,,0.007,,,N,2.1,,
34202050,2017/01/31,06,0.001,0,0.003,0.003,,,,,,0.017,,,N,1.5,,
34202050,2017/01/31,07,0,0,0.003,0.003,,,,,,0.019,,,NNE,2.2,,
34202050,2017/01/31,08,0,0.002,0.003,0.005,,,,,,0.013,,,E,1.3,,
34202050,2017/01/31,09,0.001,0.001,0.007,0.008,,,,,,0.008,,,NNE,1.6,,
34202050,2017/01/31,10,0.001,0,0.004,0.004,,,,,,0.008,,,N,1.6,,
34202050,2017/01/31,11,0.001,0.004,0.012,0.016,,,,,,0.003,,,NNW,1.3,,
34202050,2017/01/31,12,0.001,0.004,0.013,0.017,,,,,,0.010,,,NNW,1.4,,
34202050,2017/01/31,13,0.001,0,0.004,0.004,,,,,,0.016,,,S,2.7,,
34202050,2017/01/31,14,0.001,0,0.003,0.003,,,,,,0.004,,,S,3.0,,
34202050,2017/01/31,15,0.001,0.001,0.004,0.005,,,,,,0.002,,,S,2.1,,
34202050,2017/01/31,16,0.001,0,0.004,0.004,,,,,,0.008,,,SSE,3.5,,
34202050,2017/01/31,17,0.001,0,0.004,0.004,,,,,,0.031,,,SE,3.3,,
34202050,2017/01/31,18,0.001,0,0.005,0.005,,,,,,0.024,,,SE,1.6,,
34202050,2017/01/31,19,0.001,0,0.006,0.006,,,,,,0.018,,,E,1.1,,
34202050,2017/01/31,20,0.001,0,0.006,0.006,,,,,,0.006,,,ESE,2.5,,
34202050,2017/01/31,21,0.001,0,0.007,0.007,,,,,,0.014,,,E,2.3,,
34202050,2017/01/31,22,0.001,0,0.011,0.011,,,,,,0.009,,,N,0.4,,
34202050,2017/01/31,23,0.001,0,0.008,0.008,,,,,,0.012,,,NE,1.4,,
34202050,2017/01/31,24,0.002,0,0.013,0.013,,,,,,0.009,,,CALM,0.3,,
